Gage, Time Start, Time Stop, Cutoff min (cfs), Cutoff max (cfs), Average Simulated (cfs), Standard Deviation Simulated (cfs), Average Measured (cfs), Standard Deviation Measured (cfs), count, r2
H1,01-Oct-1992,30-Sep-1993,   0,10000,247.82,614.19,170.09,392.96,   365,0.8410
H1,01-Oct-1992,30-Sep-1993,   0,  20, 19.19, 58.24,  0.99,  3.44,   199,0.2201
H1,01-Oct-1992,30-Sep-1993,  20, 200,106.44, 86.00, 73.30, 46.18,    79,0.7513
H1,01-Oct-1992,30-Sep-1993, 200, 500,375.35,131.62,311.23, 85.22,    56,0.5827
H1,01-Oct-1993,30-Sep-1994,   0,10000, 37.86, 57.51, 10.23, 41.13,   365,0.5818
H1,01-Oct-1993,30-Sep-1994,   0,  20, 25.62, 35.84,  1.39,  3.47,   327,0.4434
H1,01-Oct-1993,30-Sep-1994,  20, 200,134.63, 93.38, 56.56, 43.37,    36,0.7613
H1,01-Oct-1993,30-Sep-1994, 200, 500,186.05, 84.60,258.00, 65.05,     3,0.7797
H1,01-Oct-1994,30-Sep-1995,   0,10000,281.78,559.26,247.93,693.21,   365,0.4448
H1,01-Oct-1994,30-Sep-1995,   0,  20, 14.11, 29.35,  1.79,  4.53,   174,0.0377
H1,01-Oct-1994,30-Sep-1995,  20, 200,144.94,100.35,106.97, 54.13,    97,0.8092
H1,01-Oct-1994,30-Sep-1995, 200, 500,440.06,252.62,282.98, 75.65,    51,0.9229
H1,01-Oct-1995,30-Sep-1996,   0,10000,127.88,251.17,114.92,253.65,   366,0.5893
H1,01-Oct-1995,30-Sep-1996,   0,  20,  1.59,  5.26,  2.16,  4.18,   185,0.8553
H1,01-Oct-1995,30-Sep-1996,  20, 200,157.75,146.28, 81.44, 54.37,   124,0.1865
H1,01-Oct-1995,30-Sep-1996, 200, 500,277.10,134.30,304.97, 88.59,    33,0.4132
H1,01-Oct-1996,30-Sep-1997,   0,10000,174.12,369.59,154.74,374.94,   365,0.6355
H1,01-Oct-1996,30-Sep-1997,   0,  20, 19.07, 63.22,  1.35,  3.41,   207,0.1262
H1,01-Oct-1996,30-Sep-1997,  20, 200,115.45,164.34, 76.84, 47.44,    87,0.6423
H1,01-Oct-1996,30-Sep-1997, 200, 500,521.31,248.92,325.79, 81.45,    38,0.2542
H1,01-Oct-1997,30-Sep-1998,   0,10000,360.56,695.44,388.02,908.98,   365,0.6851
H1,01-Oct-1997,30-Sep-1998,   0,  20, 37.47,101.43,  4.00,  5.91,   107,-0.2282
H1,01-Oct-1997,30-Sep-1998,  20, 200,107.06,124.30, 86.12, 51.92,   118,0.3525
H1,01-Oct-1997,30-Sep-1998, 200, 500,415.72,247.15,327.80, 80.81,    71,0.3815
H1,01-Oct-1998,30-Sep-1999,   0,10000, 61.19, 76.02, 70.18,102.03,   365,0.6629
H1,01-Oct-1998,30-Sep-1999,   0,  20,  2.53,  5.12,  6.05,  7.05,   150,0.7700
H1,01-Oct-1998,30-Sep-1999,  20, 200, 87.28, 67.76, 83.24, 52.28,   192,0.7591
H1,01-Oct-1998,30-Sep-1999, 200, 500,206.06, 61.15,277.42, 73.26,    26,-0.5733
H1,01-Oct-1999,30-Sep-2000,   0,10000, 96.98,175.39,100.08,231.96,   366,0.5910
H1,01-Oct-1999,30-Sep-2000,   0,  20,  4.90, 12.73,  1.39,  3.64,   222,0.2125
H1,01-Oct-1999,30-Sep-2000,  20, 200,145.91,109.16, 87.22, 46.54,    98,0.7270
H1,01-Oct-1999,30-Sep-2000, 200, 500,416.58,238.83,343.43, 96.70,    23,0.4317
H1,01-Oct-2000,30-Sep-2001,   0,10000,117.80,240.81, 59.20,139.11,   365,0.6260
H1,01-Oct-2000,30-Sep-2001,   0,  20, 10.30, 19.02,  1.85,  3.83,   224,0.0287
H1,01-Oct-2000,30-Sep-2001,  20, 200,182.97,153.15, 81.09, 40.68,   111,0.3658
H1,01-Oct-2000,30-Sep-2001, 200, 500,609.29,458.21,284.04, 65.48,    27,0.6079
H1,01-Oct-2001,30-Sep-2002,   0,10000, 54.17, 77.34, 34.34, 54.11,   365,0.5128
H1,01-Oct-2001,30-Sep-2002,   0,  20, 18.24, 72.91,  1.91,  4.96,   205,0.0692
H1,01-Oct-2001,30-Sep-2002,  20, 200, 95.94, 53.89, 64.02, 35.31,   152,0.3964
H1,01-Oct-2001,30-Sep-2002, 200, 500,163.85, 46.04,270.33, 52.27,     9,0.1195
H1,01-Oct-2002,30-Sep-2003,   0,10000,144.44,243.16, 71.82,122.17,   365,0.6448
H1,01-Oct-2002,30-Sep-2003,   0,  20, 20.55, 96.58,  0.66,  2.43,   172,-0.0456
H1,01-Oct-2002,30-Sep-2003,  20, 200,182.29,171.40, 89.26, 44.05,   163,0.6569
H1,01-Oct-2002,30-Sep-2003, 200, 500,650.48,426.59,314.40, 92.89,    25,-0.0270
H1,01-Oct-2003,30-Sep-2004,   0,10000,136.54,308.50, 41.74,124.95,   366,0.5897
H1,01-Oct-2003,30-Sep-2004,   0,  20, 10.00, 21.16,  1.35,  3.49,   249,0.4646
H1,01-Oct-2003,30-Sep-2004,  20, 200,288.63,341.53, 67.85, 45.57,    99,0.6555
H1,01-Oct-2003,30-Sep-2004, 200, 500,1079.64,374.70,292.53, 83.08,    15,-0.3244
H1,01-Oct-2004,30-Sep-2005,   0,10000,215.49,369.51,159.19,276.02,   365,0.6201
H1,01-Oct-2004,30-Sep-2005,   0,  20, 23.32, 54.81,  1.52,  3.92,   178,-0.1259
H1,01-Oct-2004,30-Sep-2005,  20, 200,152.10,124.88, 99.29, 57.40,    93,0.8919
H1,01-Oct-2004,30-Sep-2005, 200, 500,480.53,356.94,316.21, 80.39,    61,0.3023
H1,01-Oct-2005,30-Sep-2006,   0,10000,171.09,275.21,158.79,330.92,   365,0.6875
H1,01-Oct-2005,30-Sep-2006,   0,  20, 36.02,120.41,  1.51,  4.22,   174,-0.0022
H1,01-Oct-2005,30-Sep-2006,  20, 200,135.02,101.20, 85.68, 46.18,   116,0.7363
H1,01-Oct-2005,30-Sep-2006, 200, 500,425.07, 92.09,376.07, 80.56,    46,0.0969
H1,01-Oct-2006,30-Sep-2007,   0,10000, 33.76, 60.98,  8.94, 23.69,   365,0.5423
H1,01-Oct-2006,30-Sep-2007,   0,  20, 24.18, 51.42,  2.30,  4.60,   321,0.1956
H1,01-Oct-2006,30-Sep-2007,  20, 200, 97.98, 73.00, 51.57, 36.04,    46,0.6550
H1,01-Oct-2007,30-Sep-2008,   0,10000,145.43,404.97, 58.58,175.93,   366,0.7192
H1,01-Oct-2007,30-Sep-2008,   0,  20, 11.23, 24.42,  1.83,  4.31,   263,0.7766
H1,01-Oct-2007,30-Sep-2008,  20, 200,209.17,185.17, 79.72, 49.05,    74,0.5700
H1,01-Oct-2007,30-Sep-2008, 200, 500,1039.54,680.69,321.38, 81.18,    21,0.4465
H1,01-Oct-2008,30-Sep-2009,   0,10000, 66.04,171.93, 54.10,173.29,   365,0.6524
H1,01-Oct-2008,30-Sep-2009,   0,  20, 16.95, 33.57,  1.63,  4.34,   266,-0.0955
H1,01-Oct-2008,30-Sep-2009,  20, 200,100.28, 58.35, 69.29, 45.50,    72,0.8970
H1,01-Oct-2008,30-Sep-2009, 200, 500,302.11,266.75,312.71, 84.71,    21,0.2832
H1,01-Oct-2009,30-Sep-2010,   0,10000,118.27,191.15,141.92,232.08,   365,0.8395
H1,01-Oct-2009,30-Sep-2010,   0,  20,  3.23,  8.46,  7.10,  6.21,   140,0.5029
H1,01-Oct-2009,30-Sep-2010,  20, 200, 78.10,135.78, 81.75, 53.82,   133,0.5557
H1,01-Oct-2009,30-Sep-2010, 200, 500,288.27,118.52,309.32, 78.33,    74,0.5249
H1,01-Oct-2010,30-Sep-2011,   0,10000,110.83,227.11,153.63,306.41,   365,0.7473
H1,01-Oct-2010,30-Sep-2011,   0,  20,  7.40, 22.95,  7.45,  5.88,   142,0.3727
H1,01-Oct-2010,30-Sep-2011,  20, 200, 68.10, 53.00, 86.10, 45.09,   146,0.8198
H1,01-Oct-2010,30-Sep-2011, 200, 500,266.63,226.43,301.76, 79.64,    51,0.5252
H1,01-Oct-2011,30-Sep-2012,   0,10000, 37.30, 72.03, 22.58, 32.28,   366,0.7517
H1,01-Oct-2011,30-Sep-2012,   0,  20,  8.94, 15.03,  8.11,  6.59,   275,0.5712
H1,01-Oct-2011,30-Sep-2012,  20, 200,119.02,101.95, 64.34, 39.30,    95,0.4926
H1,01-Oct-2012,30-Sep-2013,   0,10000, 53.77,121.41, 32.33, 82.44,   365,0.5580
H1,01-Oct-2012,30-Sep-2013,   0,  20,  8.29, 46.03,  2.15,  5.13,   251,0.2434
H1,01-Oct-2012,30-Sep-2013,  20, 200,132.34,130.12, 63.65, 44.23,   109,0.4647
H1,01-Oct-2012,30-Sep-2013, 200, 500,272.04,316.06,319.00, 76.69,     9,-0.1460
H1,01-Oct-2013,30-Sep-2014,   0,10000, 21.50,102.75,  0.04,  0.24,   365,0.2325
H1,01-Oct-2013,30-Sep-2014,   0,  20, 21.50,102.75,  0.04,  0.24,   365,0.2325
H1,01-Oct-2014,30-Sep-2015,   0,10000, 63.27,176.10, 18.54, 51.79,   365,0.3770
H1,01-Oct-2014,30-Sep-2015,   0,  20, 27.94,121.10,  3.80,  5.58,   298,0.1047
H1,01-Oct-2014,30-Sep-2015,  20, 200,213.37,275.33, 63.24, 44.39,    66,0.4627
H1,01-Oct-2014,30-Sep-2015, 200, 500,224.34,101.25,263.50, 69.98,     4,0.3305
ALP,01-Oct-1994,30-Sep-1995,   0,10000,408.07,585.41,468.90,602.79,    83,0.3101
ALP,01-Oct-1994,30-Sep-1995,  20, 200,154.68, 58.07,142.43, 31.74,    30,0.3073
ALP,01-Oct-1994,30-Sep-1995, 200, 500,282.40,168.30,326.21, 67.53,    29,0.4390
ALP,01-Oct-1997,30-Sep-1998,   0,10000,416.57,726.00,332.13,446.74,   143,0.6642
ALP,01-Oct-1997,30-Sep-1998,   0,  20, 89.20, 18.27, 14.00,  2.76,    12,0.5245
ALP,01-Oct-1997,30-Sep-1998,  20, 200,184.92, 83.59,123.75, 53.62,    61,0.2431
ALP,01-Oct-1997,30-Sep-1998, 200, 500,347.07,254.21,283.84, 81.29,    43,0.0655
Los_Padres_Res,01-Oct-2001,30-Sep-2002,   0,10000, 32.69, 39.27, 34.07, 44.09,   365,0.7175
Los_Padres_Res,01-Oct-2001,30-Sep-2002,   0,  20,  7.67, 16.71,  9.70,  3.71,   194,0.1887
Los_Padres_Res,01-Oct-2001,30-Sep-2002,  20, 200, 57.35, 35.41, 52.31, 30.55,   168,0.6445
Los_Padres_Res,01-Oct-2001,30-Sep-2002, 200, 500,123.94, 54.08,263.71, 39.92,     7,-0.4637
Los_Padres_Res,01-Oct-2002,30-Sep-2003,   0,10000, 79.37,147.26, 56.58, 78.63,   365,0.6411
Los_Padres_Res,01-Oct-2002,30-Sep-2003,   0,  20,  6.07,  3.06, 11.77,  3.96,   159,0.5686
Los_Padres_Res,01-Oct-2002,30-Sep-2003,  20, 200,100.90, 86.97, 67.60, 37.36,   193,0.7069
Los_Padres_Res,01-Oct-2002,30-Sep-2003, 200, 500,449.99,402.02,270.68, 60.90,    19,0.2216
Los_Padres_Res,01-Oct-2003,30-Sep-2004,   0,10000, 60.07,130.51, 35.34, 78.29,   366,0.6500
Los_Padres_Res,01-Oct-2003,30-Sep-2004,   0,  20,  8.16,  8.74,  9.08,  3.20,   243,0.4997
Los_Padres_Res,01-Oct-2003,30-Sep-2004,  20, 200,135.69,148.55, 55.96, 39.53,   114,0.7014
Los_Padres_Res,01-Oct-2003,30-Sep-2004, 200, 500,377.46,241.06,298.88, 93.77,     8,-0.0446
Los_Padres_Res,01-Oct-2004,30-Sep-2005,   0,10000,106.51,186.88,102.45,167.60,   365,0.7384
Los_Padres_Res,01-Oct-2004,30-Sep-2005,   0,  20, 10.81, 19.87, 12.77,  3.37,   165,-0.0646
Los_Padres_Res,01-Oct-2004,30-Sep-2005,  20, 200,104.79, 85.32, 82.05, 50.14,   151,0.8150
Los_Padres_Res,01-Oct-2004,30-Sep-2005, 200, 500,311.13,194.24,301.45, 78.71,    38,0.3714
Los_Padres_Res,01-Oct-2005,30-Sep-2006,   0,10000, 86.44,151.84,103.30,190.68,   365,0.7025
Los_Padres_Res,01-Oct-2005,30-Sep-2006,   0,  20,  9.37, 30.02, 11.36,  2.97,   168,-0.0629
Los_Padres_Res,01-Oct-2005,30-Sep-2006,  20, 200, 81.39, 51.57, 65.51, 40.98,   137,0.7861
Los_Padres_Res,01-Oct-2005,30-Sep-2006, 200, 500,269.11,112.18,294.56, 75.32,    43,0.1234
Los_Padres_Res,01-Oct-2006,30-Sep-2007,   0,10000, 16.16, 19.96, 12.49, 17.63,   365,0.5688
Los_Padres_Res,01-Oct-2006,30-Sep-2007,   0,  20, 12.88, 16.04,  8.15,  3.88,   324,0.4738
Los_Padres_Res,01-Oct-2006,30-Sep-2007,  20, 200, 43.29, 27.96, 45.51, 36.30,    43,0.4911
Los_Padres_Res,01-Oct-2007,30-Sep-2008,   0,10000, 55.93,157.70, 45.20,110.86,   366,0.7256
Los_Padres_Res,01-Oct-2007,30-Sep-2008,   0,  20,  6.35,  4.63,  6.99,  4.35,   243,0.7021
Los_Padres_Res,01-Oct-2007,30-Sep-2008,  20, 200, 97.18, 50.05, 63.05, 43.61,   106,0.8874
Los_Padres_Res,01-Oct-2007,30-Sep-2008, 200, 500,356.18,349.69,309.82, 78.40,    11,0.1203
Los_Padres_Res,01-Oct-2008,30-Sep-2009,   0,10000, 41.78,100.47, 49.18,126.34,   365,0.7424
Los_Padres_Res,01-Oct-2008,30-Sep-2009,   0,  20,  7.82,  9.44,  8.66,  3.72,   231,-0.0677
Los_Padres_Res,01-Oct-2008,30-Sep-2009,  20, 200, 59.68, 41.67, 53.95, 39.93,   118,0.8501
Los_Padres_Res,01-Oct-2008,30-Sep-2009, 200, 500,233.97,183.29,318.23, 98.93,    13,0.3117
Los_Padres_Res,01-Oct-2009,30-Sep-2010,   0,10000, 76.75,118.92, 97.22,137.01,   365,0.7713
Los_Padres_Res,01-Oct-2009,30-Sep-2010,   0,  20,  5.01,  1.73, 14.71,  3.28,   105,0.3953
Los_Padres_Res,01-Oct-2009,30-Sep-2010,  20, 200, 62.43, 66.68, 74.04, 51.35,   219,0.9120
Los_Padres_Res,01-Oct-2009,30-Sep-2010, 200, 500,249.08,151.89,289.87, 74.51,    45,-0.0955
Los_Padres_Res,01-Oct-2010,30-Sep-2011,   0,10000, 69.54,136.51,101.09,173.82,   365,0.7656
Los_Padres_Res,01-Oct-2010,30-Sep-2011,   0,  20,  7.33,  6.69, 15.26,  1.67,   146,0.0689
Los_Padres_Res,01-Oct-2010,30-Sep-2011,  20, 200, 59.48, 39.56, 76.47, 47.54,   173,0.8103
Los_Padres_Res,01-Oct-2010,30-Sep-2011, 200, 500,210.44,134.16,283.61, 74.28,    33,0.4207
Los_Padres_Res,01-Oct-2011,30-Sep-2012,   0,10000, 12.38, 23.92, 16.88,  9.98,   122,0.4531
Los_Padres_Res,01-Oct-2011,30-Sep-2012,   0,  20, 10.16, 20.66, 14.70,  1.60,   115,-0.0355
Los_Padres_Res,01-Oct-2011,30-Sep-2012,  20, 200, 48.96, 42.08, 52.57, 19.54,     7,0.7143
DJ,01-Oct-1992,30-Sep-1993,   0,10000,190.90,470.17,168.72,392.54,   365,0.7866
DJ,01-Oct-1992,30-Sep-1993,   0,  20, 14.92, 35.00,  4.69,  3.71,   187,-0.0236
DJ,01-Oct-1992,30-Sep-1993,  20, 200,134.27,132.34, 84.17, 56.03,   103,0.7708
DJ,01-Oct-1992,30-Sep-1993, 200, 500,397.10,152.14,310.86, 82.53,    44,0.1818
DJ,01-Oct-1993,30-Sep-1994,   0,10000, 42.40, 57.16, 17.62, 45.12,   365,0.6477
DJ,01-Oct-1993,30-Sep-1994,   0,  20, 27.22, 34.81,  6.27,  5.34,   309,0.7437
DJ,01-Oct-1993,30-Sep-1994,  20, 200,113.20, 72.30, 55.28, 40.33,    53,0.7217
DJ,01-Oct-1993,30-Sep-1994, 200, 500,260.53, 57.11,262.75, 39.81,     4,0.2840
DJ,01-Oct-1994,30-Sep-1995,   0,10000,220.60,468.35,239.80,663.39,   365,0.5471
DJ,01-Oct-1994,30-Sep-1995,   0,  20, 16.92, 17.48,  5.49,  4.88,   166,-0.3944
DJ,01-Oct-1994,30-Sep-1995,  20, 200,143.52, 93.89,105.92, 56.13,   118,0.8577
DJ,01-Oct-1994,30-Sep-1995, 200, 500,368.36,134.72,291.68, 78.74,    37,0.8007
DJ,01-Oct-1995,30-Sep-1996,   0,10000,112.31,226.57,114.45,236.25,   366,0.7169
DJ,01-Oct-1995,30-Sep-1996,   0,  20,  4.88,  6.66, 10.43,  3.69,   186,0.6452
DJ,01-Oct-1995,30-Sep-1996,  20, 200,128.42,110.66, 86.92, 52.82,   131,0.3883
DJ,01-Oct-1995,30-Sep-1996, 200, 500,293.49,113.57,312.07, 88.34,    28,0.6760
DJ,01-Oct-1996,30-Sep-1997,   0,10000,120.74,240.11,154.38,369.80,   365,0.6844
DJ,01-Oct-1996,30-Sep-1997,   0,  20,  3.13,  5.25,  7.43,  3.61,   183,0.0353
DJ,01-Oct-1996,30-Sep-1997,  20, 200,108.12,120.86, 68.46, 46.94,   117,0.6464
DJ,01-Oct-1996,30-Sep-1997, 200, 500,362.44,153.09,318.14, 81.16,    36,0.2303
DJ,01-Oct-1997,30-Sep-1998,   0,10000,315.03,689.29,348.39,718.44,   365,0.7751
DJ,01-Oct-1997,30-Sep-1998,   0,  20, 16.35, 31.44,  8.54,  6.10,    82,-0.0605
DJ,01-Oct-1997,30-Sep-1998,  20, 200,103.10,127.91, 83.22, 52.08,   144,0.4521
DJ,01-Oct-1997,30-Sep-1998, 200, 500,335.27, 94.76,314.32, 78.78,    71,0.6223
DJ,01-Oct-1998,30-Sep-1999,   0,10000, 65.72, 78.78, 74.00,103.35,   365,0.7263
DJ,01-Oct-1998,30-Sep-1999,   0,  20,  3.89,  1.67,  9.27,  4.76,   103,0.9096
DJ,01-Oct-1998,30-Sep-1999,  20, 200, 72.13, 65.88, 71.87, 52.79,   237,0.8228
DJ,01-Oct-1998,30-Sep-1999, 200, 500,225.27, 62.48,263.89, 55.82,    27,0.1478
DJ,01-Oct-1999,30-Sep-2000,   0,10000,100.01,175.91,101.87,232.62,   366,0.5757
DJ,01-Oct-1999,30-Sep-2000,   0,  20,  7.81,  7.28,  9.11,  3.34,   205,0.2843
DJ,01-Oct-1999,30-Sep-2000,  20, 200,126.18,109.16, 79.76, 46.77,   116,0.7613
DJ,01-Oct-1999,30-Sep-2000, 200, 500,452.56,242.24,355.27, 88.02,    26,0.4662
DJ,01-Oct-2000,30-Sep-2001,   0,10000,102.51,198.54, 68.18,144.30,   365,0.7394
DJ,01-Oct-2000,30-Sep-2001,   0,  20, 13.03, 16.30, 10.58,  5.01,   207,0.5421
DJ,01-Oct-2000,30-Sep-2001,  20, 200,145.84,106.35, 76.18, 42.77,   130,0.5532
DJ,01-Oct-2000,30-Sep-2001, 200, 500,390.63,195.87,279.77, 64.85,    26,0.1643
DJ,01-Oct-2001,30-Sep-2002,   0,10000, 55.71, 69.27, 43.28, 58.28,   365,0.5935
DJ,01-Oct-2001,30-Sep-2002,   0,  20, 14.31, 44.98,  6.59,  4.59,   178,0.4091
DJ,01-Oct-2001,30-Sep-2002,  20, 200, 91.76, 65.90, 63.46, 30.87,   177,0.5148
DJ,01-Oct-2001,30-Sep-2002, 200, 500,149.36, 40.36,285.83, 66.19,    12,-0.0729
DJ,01-Oct-2002,30-Sep-2003,   0,10000,131.50,219.55, 83.46,134.77,   365,0.6684
DJ,01-Oct-2002,30-Sep-2003,   0,  20,  7.19,  6.62,  9.36,  5.39,   147,0.6186
DJ,01-Oct-2002,30-Sep-2003,  20, 200,144.51,106.44, 84.87, 43.20,   189,0.7634
DJ,01-Oct-2002,30-Sep-2003, 200, 500,540.38,443.21,294.00, 79.64,    25,0.1687
DJ,01-Oct-2003,30-Sep-2004,   0,10000,116.06,248.71, 52.80,139.74,   366,0.5612
DJ,01-Oct-2003,30-Sep-2004,   0,  20, 11.61, 18.14,  6.78,  4.45,   217,0.5062
DJ,01-Oct-2003,30-Sep-2004,  20, 200,172.57,174.41, 62.32, 43.83,   135,0.7688
DJ,01-Oct-2003,30-Sep-2004, 200, 500,938.24,523.88,305.92, 71.59,    13,-0.1610
DJ,01-Oct-2004,30-Sep-2005,   0,10000,171.79,270.51,168.30,293.08,   365,0.6622
DJ,01-Oct-2004,30-Sep-2005,   0,  20, 22.76, 50.70, 11.86,  4.56,   145,-0.0696
DJ,01-Oct-2004,30-Sep-2005,  20, 200,122.25,118.96, 83.94, 55.37,   128,0.8489
DJ,01-Oct-2004,30-Sep-2005, 200, 500,374.58,179.19,311.29, 83.30,    59,0.4076
DJ,01-Oct-2005,30-Sep-2006,   0,10000,142.03,201.18,163.36,311.58,   365,0.7499
DJ,01-Oct-2005,30-Sep-2006,   0,  20, 18.98, 55.32, 10.11,  2.69,   155,0.1945
DJ,01-Oct-2005,30-Sep-2006,  20, 200,114.96, 92.74, 80.22, 44.49,   131,0.4569
DJ,01-Oct-2005,30-Sep-2006, 200, 500,388.26,132.65,365.63, 83.48,    51,0.4530
DJ,01-Oct-2006,30-Sep-2007,   0,10000, 33.21, 47.47, 16.78, 26.39,   365,0.6543
DJ,01-Oct-2006,30-Sep-2007,   0,  20, 19.67, 30.84,  7.87,  5.94,   282,0.5621
DJ,01-Oct-2006,30-Sep-2007,  20, 200, 70.98, 57.62, 39.05, 27.24,    94,0.6062
DJ,01-Oct-2007,30-Sep-2008,   0,10000,103.79,280.44, 72.33,196.38,   366,0.7134
DJ,01-Oct-2007,30-Sep-2008,   0,  20,  9.67,  9.79,  5.37,  5.34,   233,0.1295
DJ,01-Oct-2007,30-Sep-2008,  20, 200,130.22, 80.24, 72.76, 47.53,   110,0.9719
DJ,01-Oct-2007,30-Sep-2008, 200, 500,439.02,177.94,309.79, 74.92,    19,0.1813
DJ,01-Oct-2008,30-Sep-2009,   0,10000, 70.07,160.36, 65.89,190.55,   365,0.6631
DJ,01-Oct-2008,30-Sep-2009,   0,  20, 16.55, 27.22,  7.25,  3.90,   222,0.1687
DJ,01-Oct-2008,30-Sep-2009,  20, 200, 85.42, 59.65, 61.19, 43.73,   118,0.8802
DJ,01-Oct-2008,30-Sep-2009, 200, 500,312.97,244.54,312.47, 87.74,    17,0.3489
DJ,01-Oct-2009,30-Sep-2010,   0,10000,124.20,188.97,146.78,220.02,   365,0.8120
DJ,01-Oct-2009,30-Sep-2010,   0,  20,  4.54,  1.65, 12.21,  4.07,    79,0.7098
DJ,01-Oct-2009,30-Sep-2010,  20, 200, 58.49, 60.10, 70.28, 50.89,   202,0.9586
DJ,01-Oct-2009,30-Sep-2010, 200, 500,321.59,188.81,316.66, 77.23,    68,0.2450
DJ,01-Oct-2010,30-Sep-2011,   0,10000,113.13,213.43,161.01,314.64,   365,0.7522
DJ,01-Oct-2010,30-Sep-2011,   0,  20, 11.19, 24.70, 13.98,  2.40,   113,0.5135
DJ,01-Oct-2010,30-Sep-2011,  20, 200, 67.35, 51.51, 79.90, 48.85,   181,0.7983
DJ,01-Oct-2010,30-Sep-2011, 200, 500,262.17,192.88,304.55, 81.28,    49,0.4236
DJ,01-Oct-2011,30-Sep-2012,   0,10000, 27.04, 58.47, 23.34, 12.35,   122,0.5514
DJ,01-Oct-2011,30-Sep-2012,   0,  20, 15.51, 12.21, 18.31,  1.56,    64,0.0882
DJ,01-Oct-2011,30-Sep-2012,  20, 200, 32.64, 71.51, 26.52, 14.38,    79,0.5479
NC,01-Oct-1992,30-Sep-1993,   0,10000,237.98,587.00,170.52,385.03,   365,0.8359
NC,01-Oct-1992,30-Sep-1993,   0,  20, 16.31, 48.74,  0.77,  2.91,   192,-0.0209
NC,01-Oct-1992,30-Sep-1993,  20, 200,116.53,103.02, 74.52, 49.45,    92,0.7332
NC,01-Oct-1992,30-Sep-1993, 200, 500,379.63,120.26,327.62, 84.08,    45,0.5935
NC,01-Oct-1993,30-Sep-1994,   0,10000, 38.56, 58.80, 11.32, 41.30,   365,0.6101
NC,01-Oct-1993,30-Sep-1994,   0,  20, 25.29, 36.19,  1.88,  4.06,   322,0.5119
NC,01-Oct-1993,30-Sep-1994,  20, 200,125.02, 92.78, 50.69, 33.95,    42,0.7845
NC,01-Oct-1993,30-Sep-1994, 200, 500,157.38, 40.80,239.25, 49.57,     4,0.6647
NC,01-Oct-1994,30-Sep-1995,   0,10000,265.38,523.55,245.04,676.83,   365,0.4354
NC,01-Oct-1994,30-Sep-1995,   0,  20, 11.68, 17.97,  2.00,  3.68,   166,-0.2698
NC,01-Oct-1994,30-Sep-1995,  20, 200,139.61,104.17,101.84, 53.06,   100,0.7472
NC,01-Oct-1994,30-Sep-1995, 200, 500,382.10,182.60,288.96, 78.57,    52,0.8261
NC,01-Oct-1995,30-Sep-1996,   0,10000,124.59,246.81,102.62,213.11,   366,0.5999
NC,01-Oct-1995,30-Sep-1996,   0,  20,  2.78,  7.94,  4.98,  4.72,   193,0.7529
NC,01-Oct-1995,30-Sep-1996,  20, 200,160.77,142.55, 81.37, 53.93,   117,0.1917
NC,01-Oct-1995,30-Sep-1996, 200, 500,345.08,172.02,316.19, 95.69,    37,0.6730
NC,01-Oct-1996,30-Sep-1997,   0,10000,164.69,341.27,143.83,369.65,   365,0.6286
NC,01-Oct-1996,30-Sep-1997,   0,  20,  7.23, 37.31,  1.98,  4.57,   194,0.6247
NC,01-Oct-1996,30-Sep-1997,  20, 200,171.56,223.80, 75.76, 49.88,   114,0.5896
NC,01-Oct-1996,30-Sep-1997, 200, 500,502.21,226.32,331.41, 80.29,    29,0.5069
NC,01-Oct-1997,30-Sep-1998,   0,10000,350.43,696.24,360.58,803.54,   365,0.6754
NC,01-Oct-1997,30-Sep-1998,   0,  20, 51.05,102.64,  5.22,  6.87,    98,0.0357
NC,01-Oct-1997,30-Sep-1998,  20, 200, 94.12,143.67, 81.84, 55.69,   122,0.4599
NC,01-Oct-1997,30-Sep-1998, 200, 500,408.09,289.90,328.09, 84.92,    79,0.2535
NC,01-Oct-1998,30-Sep-1999,   0,10000, 60.82, 75.67, 75.97,119.51,   365,0.6444
NC,01-Oct-1998,30-Sep-1999,   0,  20,  3.97,  7.69,  5.19,  6.95,   137,0.6692
NC,01-Oct-1998,30-Sep-1999,  20, 200, 76.36, 66.18, 76.60, 54.81,   198,0.7907
NC,01-Oct-1998,30-Sep-1999, 200, 500,200.29, 70.98,273.23, 78.43,    31,-0.1838
NC,01-Oct-1999,30-Sep-2000,   0,10000, 97.78,175.70,104.95,229.18,   366,0.6741
NC,01-Oct-1999,30-Sep-2000,   0,  20,  4.93, 12.89,  2.14,  4.63,   222,0.4916
NC,01-Oct-1999,30-Sep-2000,  20, 200,144.93,108.96, 85.70, 46.44,    93,0.7627
NC,01-Oct-1999,30-Sep-2000, 200, 500,398.52,225.15,336.55,102.56,    22,0.6697
NC,01-Oct-2000,30-Sep-2001,   0,10000,114.74,226.87, 66.02,159.62,   365,0.6840
NC,01-Oct-2000,30-Sep-2001,   0,  20, 10.81, 18.22,  3.78,  5.00,   230,0.3656
NC,01-Oct-2000,30-Sep-2001,  20, 200,186.56,143.33, 87.59, 42.84,   103,0.3211
NC,01-Oct-2000,30-Sep-2001, 200, 500,507.72,338.95,294.14, 74.92,    28,0.6892
NC,01-Oct-2001,30-Sep-2002,   0,10000, 52.48, 72.86, 39.15, 66.31,   365,0.5231
NC,01-Oct-2001,30-Sep-2002,   0,  20, 15.98, 67.01,  1.80,  4.67,   199,-0.0106
NC,01-Oct-2001,30-Sep-2002,  20, 200, 90.78, 50.97, 63.08, 30.51,   151,0.5530
NC,01-Oct-2001,30-Sep-2002, 200, 500,152.72, 39.50,278.50, 73.77,    14,0.2644
NC,01-Oct-2002,30-Sep-2003,   0,10000,141.29,236.44, 76.52,134.11,   365,0.6664
NC,01-Oct-2002,30-Sep-2003,   0,  20, 15.11, 66.33,  1.58,  3.52,   171,-0.0327
NC,01-Oct-2002,30-Sep-2003,  20, 200,177.05,157.62, 88.00, 41.74,   160,0.5937
NC,01-Oct-2002,30-Sep-2003, 200, 500,599.97,453.42,292.56, 84.14,    25,0.2743
NC,01-Oct-2003,30-Sep-2004,   0,10000,137.03,307.17, 48.51,156.25,   366,0.5561
NC,01-Oct-2003,30-Sep-2004,   0,  20, 10.20, 21.18,  1.78,  4.13,   249,0.3896
NC,01-Oct-2003,30-Sep-2004,  20, 200,252.91,232.59, 70.75, 45.79,    97,0.6774
NC,01-Oct-2003,30-Sep-2004, 200, 500,1234.16,437.97,304.94, 91.25,    16,-0.3197
NC,01-Oct-2004,30-Sep-2005,   0,10000,206.67,344.99,164.66,306.54,   365,0.6241
NC,01-Oct-2004,30-Sep-2005,   0,  20, 22.40, 50.30,  2.37,  4.56,   176,-0.1890
NC,01-Oct-2004,30-Sep-2005,  20, 200,148.82,121.60, 98.98, 56.05,   100,0.8572
NC,01-Oct-2004,30-Sep-2005, 200, 500,466.88,319.28,310.59, 81.45,    59,0.3666
NC,01-Oct-2005,30-Sep-2006,   0,10000,162.51,252.18,164.68,344.55,   365,0.6729
NC,01-Oct-2005,30-Sep-2006,   0,  20, 23.82, 86.75,  1.85,  4.14,   163,0.2389
NC,01-Oct-2005,30-Sep-2006,  20, 200,137.01,115.35, 79.13, 44.93,   124,0.3587
NC,01-Oct-2005,30-Sep-2006, 200, 500,431.45,100.28,377.49,101.96,    41,0.0647
NC,01-Oct-2006,30-Sep-2007,   0,10000, 32.82, 58.22, 10.28, 23.22,   365,0.5499
NC,01-Oct-2006,30-Sep-2007,   0,  20, 23.36, 49.13,  3.58,  5.92,   317,0.2468
NC,01-Oct-2006,30-Sep-2007,  20, 200, 89.65, 67.76, 48.92, 34.17,    51,0.6220
NC,01-Oct-2007,30-Sep-2008,   0,10000,137.29,378.64, 60.55,178.13,   366,0.7454
NC,01-Oct-2007,30-Sep-2008,   0,  20, 10.78, 21.94,  2.14,  4.59,   263,0.8074
NC,01-Oct-2007,30-Sep-2008,  20, 200,200.35,165.42, 79.55, 50.01,    74,0.6738
NC,01-Oct-2007,30-Sep-2008, 200, 500,938.30,582.38,327.86, 92.97,    21,0.6251
NC,01-Oct-2008,30-Sep-2009,   0,10000, 66.13,172.03, 57.44,185.00,   365,0.6651
NC,01-Oct-2008,30-Sep-2009,   0,  20, 16.32, 31.73,  1.95,  5.05,   264,-0.0920
NC,01-Oct-2008,30-Sep-2009,  20, 200, 98.64, 57.65, 70.16, 45.22,    73,0.8971
NC,01-Oct-2008,30-Sep-2009, 200, 500,305.50,271.02,311.00, 89.14,    20,0.2509
NC,01-Oct-2009,30-Sep-2010,   0,10000,120.66,195.40,146.20,223.96,   365,0.8443
NC,01-Oct-2009,30-Sep-2010,   0,  20,  1.14,  3.41,  9.58,  7.25,   125,0.4004
NC,01-Oct-2009,30-Sep-2010,  20, 200, 59.58, 57.67, 75.71, 50.51,   150,0.8985
NC,01-Oct-2009,30-Sep-2010, 200, 500,310.47,185.49,316.45, 81.80,    74,0.2223
NC,01-Oct-2010,30-Sep-2011,   0,10000,110.38,223.94,159.88,322.88,   365,0.7498
NC,01-Oct-2010,30-Sep-2011,   0,  20,  6.17, 23.39, 10.02,  4.35,   131,0.4262
NC,01-Oct-2010,30-Sep-2011,  20, 200, 65.18, 51.44, 82.24, 48.48,   158,0.8244
NC,01-Oct-2010,30-Sep-2011, 200, 500,262.66,218.37,308.12, 77.66,    51,0.4112
NC,01-Oct-2011,30-Sep-2012,   0,10000, 53.83, 78.74, 35.45, 38.24,   247,0.6727
NC,01-Oct-2011,30-Sep-2012,   0,  20, 14.05, 16.47, 14.95,  2.62,   145,0.5127
NC,01-Oct-2011,30-Sep-2012,  20, 200,106.41, 95.97, 59.42, 39.97,   105,0.5308
RR,01-Oct-1992,30-Sep-1993,   0,10000,172.72,434.25,150.59,351.97,   365,0.7729
RR,01-Oct-1992,30-Sep-1993,   0,  20, 11.60, 27.17,  5.35,  3.67,   184,0.0168
RR,01-Oct-1992,30-Sep-1993,  20, 200,123.36,122.26, 81.34, 56.83,   112,0.8114
RR,01-Oct-1992,30-Sep-1993, 200, 500,379.05,149.50,297.11, 76.73,    45,0.0701
RR,01-Oct-1993,30-Sep-1994,   0,10000, 35.64, 49.12, 16.29, 35.50,   365,0.6642
RR,01-Oct-1993,30-Sep-1994,   0,  20, 22.66, 29.84,  6.67,  4.85,   309,0.7220
RR,01-Oct-1993,30-Sep-1994,  20, 200,102.64, 65.59, 57.13, 41.77,    53,0.5548
RR,01-Oct-1993,30-Sep-1994, 200, 500,188.38,100.61,286.33,111.54,     3,0.1330
RR,01-Oct-1994,30-Sep-1995,   0,10000,198.91,432.71,214.04,601.69,   365,0.5517
RR,01-Oct-1994,30-Sep-1995,   0,  20, 12.56, 12.39,  6.42,  3.97,   170,-0.3577
RR,01-Oct-1994,30-Sep-1995,  20, 200,147.51, 87.75,107.08, 46.15,   125,0.8070
RR,01-Oct-1994,30-Sep-1995, 200, 500,409.98,129.71,317.97, 95.07,    34,0.8600
RR,01-Oct-1995,30-Sep-1996,   0,10000, 96.08,199.33,103.59,198.52,   366,0.7661
RR,01-Oct-1995,30-Sep-1996,   0,  20,  4.27,  5.09, 10.33,  3.23,   190,0.7049
RR,01-Oct-1995,30-Sep-1996,  20, 200,106.40, 88.21, 82.90, 51.21,   124,0.4713
RR,01-Oct-1995,30-Sep-1996, 200, 500,279.84,119.03,327.22, 96.35,    36,0.7154
RR,01-Oct-1996,30-Sep-1997,   0,10000,104.68,230.58,137.22,322.35,   365,0.7094
RR,01-Oct-1996,30-Sep-1997,   0,  20,  8.84, 28.14, 10.21,  4.22,   199,0.3020
RR,01-Oct-1996,30-Sep-1997,  20, 200,102.50,124.32, 72.47, 48.23,   113,0.7371
RR,01-Oct-1996,30-Sep-1997, 200, 500,310.92,136.70,328.34, 81.09,    29,0.1504
RR,01-Oct-1997,30-Sep-1998,   0,10000,288.82,653.32,345.73,780.15,   365,0.7383
RR,01-Oct-1997,30-Sep-1998,   0,  20, 14.65, 26.87,  8.56,  6.44,    76,-0.0697
RR,01-Oct-1997,30-Sep-1998,  20, 200, 79.45, 96.76, 77.64, 54.11,   156,0.5452
RR,01-Oct-1997,30-Sep-1998, 200, 500,316.47, 97.04,347.75, 84.03,    75,0.5679
RR,01-Oct-1998,30-Sep-1999,   0,10000, 56.67, 70.18, 75.48,104.65,   365,0.6697
RR,01-Oct-1998,30-Sep-1999,   0,  20,  4.11,  1.15, 10.17,  4.56,   105,0.9313
RR,01-Oct-1998,30-Sep-1999,  20, 200, 60.51, 57.00, 71.00, 47.41,   239,0.7861
RR,01-Oct-1998,30-Sep-1999, 200, 500,206.92, 68.86,285.89, 83.74,    27,-0.2848
RR,01-Oct-1999,30-Sep-2000,   0,10000, 86.89,156.54,105.72,228.20,   366,0.5956
RR,01-Oct-1999,30-Sep-2000,   0,  20,  6.74,  4.43, 10.11,  2.80,   204,0.1807
RR,01-Oct-1999,30-Sep-2000,  20, 200,108.04, 97.38, 81.34, 49.73,   115,0.7159
RR,01-Oct-1999,30-Sep-2000, 200, 500,358.20,189.58,348.63, 92.11,    24,0.5219
RR,01-Oct-2000,30-Sep-2001,   0,10000, 90.91,174.87, 65.17,142.03,   365,0.7197
RR,01-Oct-2000,30-Sep-2001,   0,  20, 10.89, 13.99, 10.98,  4.27,   201,0.5445
RR,01-Oct-2000,30-Sep-2001,  20, 200,135.15,108.94, 73.84, 41.14,   142,0.6635
RR,01-Oct-2000,30-Sep-2001, 200, 500,345.46,156.53,289.05, 73.55,    21,0.4607
RR,01-Oct-2001,30-Sep-2002,   0,10000, 49.40, 61.38, 44.00, 64.55,   365,0.5815
RR,01-Oct-2001,30-Sep-2002,   0,  20,  9.16, 23.51,  7.40,  4.21,   176,0.2942
RR,01-Oct-2001,30-Sep-2002,  20, 200, 82.62, 61.03, 60.12, 28.36,   177,0.6215
RR,01-Oct-2001,30-Sep-2002, 200, 500,141.76, 56.26,299.67, 74.73,    12,-0.4102
RR,01-Oct-2002,30-Sep-2003,   0,10000,118.63,200.79, 83.65,125.60,   365,0.6801
RR,01-Oct-2002,30-Sep-2003,   0,  20,  6.53,  4.85, 10.66,  5.04,   136,0.6020
RR,01-Oct-2002,30-Sep-2003,  20, 200,123.09, 91.72, 79.53, 44.90,   202,0.8439
RR,01-Oct-2002,30-Sep-2003, 200, 500,542.53,424.96,313.16, 91.61,    25,0.3586
RR,01-Oct-2003,30-Sep-2004,   0,10000, 98.79,210.46, 52.43,137.17,   366,0.5470
RR,01-Oct-2003,30-Sep-2004,   0,  20,  9.97, 14.21,  7.38,  3.34,   210,0.5274
RR,01-Oct-2003,30-Sep-2004,  20, 200,146.95,146.85, 60.22, 40.13,   138,0.7657
RR,01-Oct-2003,30-Sep-2004, 200, 500,771.41,471.05,305.14, 87.21,    14,-0.0351
RR,01-Oct-2004,30-Sep-2005,   0,10000,156.76,247.72,158.04,271.05,   365,0.6966
RR,01-Oct-2004,30-Sep-2005,   0,  20, 18.76, 37.87, 12.96,  4.58,   146,0.0508
RR,01-Oct-2004,30-Sep-2005,  20, 200,116.02,107.27, 87.77, 57.46,   140,0.8927
RR,01-Oct-2004,30-Sep-2005, 200, 500,343.23, 99.58,313.07, 86.91,    56,0.3669
RR,01-Oct-2005,30-Sep-2006,   0,10000,130.77,202.71,152.14,291.80,   365,0.7215
RR,01-Oct-2005,30-Sep-2006,   0,  20, 13.69, 34.56, 11.22,  2.62,   154,0.3600
RR,01-Oct-2005,30-Sep-2006,  20, 200,108.06, 78.74, 82.78, 45.21,   138,0.5260
RR,01-Oct-2005,30-Sep-2006, 200, 500,374.48,133.63,363.68, 75.94,    53,0.2497
RR,01-Oct-2006,30-Sep-2007,   0,10000, 27.17, 35.98, 16.89, 27.13,   365,0.6441
RR,01-Oct-2006,30-Sep-2007,   0,  20, 16.93, 21.35,  8.58,  5.73,   292,0.5743
RR,01-Oct-2006,30-Sep-2007,  20, 200, 60.33, 47.53, 40.67, 29.47,    83,0.5514
RR,01-Oct-2007,30-Sep-2008,   0,10000, 90.58,245.42, 67.61,176.22,   366,0.6868
RR,01-Oct-2007,30-Sep-2008,   0,  20,  8.80,  7.06,  6.25,  4.76,   234,0.3152
RR,01-Oct-2007,30-Sep-2008,  20, 200,129.01, 74.51, 75.79, 44.33,   107,0.9539
RR,01-Oct-2007,30-Sep-2008, 200, 500,490.00,353.30,331.78, 96.51,    18,0.3950
RR,01-Oct-2008,30-Sep-2009,   0,10000, 63.64,146.09, 63.44,173.60,   365,0.6488
RR,01-Oct-2008,30-Sep-2009,   0,  20, 14.50, 20.50,  8.24,  3.68,   225,0.2494
RR,01-Oct-2008,30-Sep-2009,  20, 200, 79.45, 56.46, 62.20, 43.06,   115,0.8999
RR,01-Oct-2008,30-Sep-2009, 200, 500,286.64,217.94,299.79, 93.34,    19,0.1581
RR,01-Oct-2009,30-Sep-2010,   0,10000,113.87,167.13,144.40,208.76,   365,0.8261
RR,01-Oct-2009,30-Sep-2010,   0,  20,  4.74,  0.61, 11.97,  3.03,    73,0.7534
RR,01-Oct-2009,30-Sep-2010,  20, 200, 52.77, 56.16, 69.54, 49.74,   200,0.9555
RR,01-Oct-2009,30-Sep-2010, 200, 500,295.47,158.88,320.23, 81.15,    75,0.3383
RR,01-Oct-2010,30-Sep-2011,   0,10000,105.74,193.74,150.47,272.39,   365,0.7693
RR,01-Oct-2010,30-Sep-2011,   0,  20,  7.43,  7.82, 14.70,  1.94,   108,0.5432
RR,01-Oct-2010,30-Sep-2011,  20, 200, 62.41, 45.84, 73.13, 46.06,   187,0.8754
RR,01-Oct-2010,30-Sep-2011, 200, 500,255.89,198.17,306.60, 83.08,    52,0.5540
RR,01-Oct-2011,30-Sep-2012,   0,10000, 34.29, 51.98, 28.50, 31.27,   366,0.8236
RR,01-Oct-2011,30-Sep-2012,   0,  20, 10.17, 10.88, 12.47,  5.75,   229,0.4077
RR,01-Oct-2011,30-Sep-2012,  20, 200, 68.65, 66.16, 52.03, 37.23,   151,0.7444
RR,01-Oct-2012,30-Sep-2013,   0,10000, 49.56, 84.43, 44.17,102.76,   365,0.7158
RR,01-Oct-2012,30-Sep-2013,   0,  20,  4.63,  3.36,  5.23,  3.37,   216,0.8328
RR,01-Oct-2012,30-Sep-2013,  20, 200, 96.38, 75.62, 62.73, 42.02,   134,0.6926
RR,01-Oct-2012,30-Sep-2013, 200, 500,223.59,106.34,302.23, 83.93,    13,-0.3630
RR,01-Oct-2013,30-Sep-2014,   0,10000, 18.05, 59.48,  8.85, 22.48,   365,0.9242
RR,01-Oct-2013,30-Sep-2014,   0,  20,  7.52, 14.73,  4.38,  4.65,   331,0.4354
RR,01-Oct-2013,30-Sep-2014,  20, 200, 94.09,119.34, 39.87, 26.17,    32,0.9645
RR,01-Oct-2014,30-Sep-2015,   0,10000, 48.83,120.48, 32.27, 85.89,   365,0.3544
RR,01-Oct-2014,30-Sep-2015,   0,  20, 18.94,107.78,  5.97,  5.41,   227,0.0168
RR,01-Oct-2014,30-Sep-2015,  20, 200, 75.24, 55.78, 46.21, 34.67,   127,0.7654
RR,01-Oct-2014,30-Sep-2015, 200, 500,418.48,302.96,297.22, 83.61,     9,-0.2452
SH,01-Oct-1992,30-Sep-1993,   0,10000, 30.04, 72.04, 18.92, 29.09,   257,0.8640
SH,01-Oct-1992,30-Sep-1993,   0,  20, 10.11, 22.80,  6.41,  2.90,   185,-0.0250
SH,01-Oct-1992,30-Sep-1993,  20, 200, 74.52,106.28, 48.03, 32.85,    72,0.8963
SH,01-Oct-1993,30-Sep-1994,   0,10000, 27.87, 33.16, 11.14, 14.64,   353,0.5650
SH,01-Oct-1993,30-Sep-1994,   0,  20, 21.34, 27.86,  7.09,  3.79,   312,0.6983
SH,01-Oct-1993,30-Sep-1994,  20, 200, 77.40, 27.29, 40.93, 25.76,    43,0.0916
SH,01-Oct-1994,30-Sep-1995,   0,10000, 62.88, 89.72, 54.62, 84.70,   280,0.9623
SH,01-Oct-1994,30-Sep-1995,   0,  20, 11.09, 10.07,  6.85,  4.18,   175,-0.2643
SH,01-Oct-1994,30-Sep-1995,  20, 200,116.73, 69.98, 96.95, 50.85,    88,0.9236
SH,01-Oct-1994,30-Sep-1995, 200, 500,285.52, 88.20,294.84, 82.50,    19,0.8381
SH,01-Oct-1995,30-Sep-1996,   0,10000, 39.21, 68.28, 38.03, 61.77,   306,0.5369
SH,01-Oct-1995,30-Sep-1996,   0,  20,  4.72,  5.57, 10.83,  3.55,   193,0.6383
SH,01-Oct-1995,30-Sep-1996,  20, 200, 95.73, 84.63, 74.52, 44.55,   112,0.4456
SH,01-Oct-1996,30-Sep-1997,   0,10000, 27.40, 47.37, 25.34, 31.69,   293,0.8915
SH,01-Oct-1996,30-Sep-1997,   0,  20,  3.93, 11.51,  8.21,  3.80,   189,0.3724
SH,01-Oct-1996,30-Sep-1997,  20, 200, 67.97, 57.05, 54.80, 36.09,   109,0.8165
SH,01-Oct-1997,30-Sep-1998,   0,10000, 70.32, 87.92, 59.27, 63.80,   249,0.7828
SH,01-Oct-1997,30-Sep-1998,   0,  20, 10.95, 20.81,  9.75,  5.48,   102,-0.1560
SH,01-Oct-1997,30-Sep-1998,  20, 200, 99.24, 90.57, 79.31, 49.64,   137,0.6610
SH,01-Oct-1997,30-Sep-1998, 200, 500,215.94, 41.87,227.54, 14.64,    13,-0.4838
SH,01-Oct-1998,30-Sep-1999,   0,10000, 53.61, 66.50, 62.19, 90.55,   365,0.6564
SH,01-Oct-1998,30-Sep-1999,   0,  20,  6.26,  4.92, 11.70,  5.12,   146,0.6455
SH,01-Oct-1998,30-Sep-1999,  20, 200, 76.79, 63.42, 75.93, 51.77,   209,0.8262
SH,01-Oct-1998,30-Sep-1999, 200, 500,207.13, 65.17,290.33, 63.16,    12,-0.7569
SH,01-Oct-1999,30-Sep-2000,   0,10000, 80.89,146.92, 94.37,202.88,   366,0.5931
SH,01-Oct-1999,30-Sep-2000,   0,  20,  8.19, 10.13,  9.94,  3.24,   208,0.3195
SH,01-Oct-1999,30-Sep-2000,  20, 200,100.80, 94.78, 76.56, 43.95,   113,0.7141
SH,01-Oct-1999,30-Sep-2000, 200, 500,355.96,189.67,352.59, 91.25,    29,0.5626
SH,01-Oct-2000,30-Sep-2001,   0,10000, 87.20,167.50, 62.35,128.20,   365,0.7257
SH,01-Oct-2000,30-Sep-2001,   0,  20, 11.43, 13.00, 12.16,  3.85,   208,0.4049
SH,01-Oct-2000,30-Sep-2001,  20, 200,135.43,104.70, 75.76, 44.65,   135,0.6531
SH,01-Oct-2000,30-Sep-2001, 200, 500,331.50,137.66,273.70, 63.40,    20,0.4664
SH,01-Oct-2001,30-Sep-2002,   0,10000, 46.81, 53.73, 43.14, 56.71,   365,0.6799
SH,01-Oct-2001,30-Sep-2002,   0,  20,  8.94, 14.51,  8.89,  3.85,   174,0.2771
SH,01-Oct-2001,30-Sep-2002,  20, 200, 77.56, 52.10, 60.01, 30.97,   180,0.6714
SH,01-Oct-2001,30-Sep-2002, 200, 500,131.65, 46.68,284.92, 60.25,    12,-0.2234
SH,01-Oct-2002,30-Sep-2003,   0,10000,113.40,193.13, 75.52,111.25,   365,0.6428
SH,01-Oct-2002,30-Sep-2003,   0,  20,  7.39,  4.48, 10.98,  4.21,   130,0.6417
SH,01-Oct-2002,30-Sep-2003,  20, 200,119.21, 90.85, 77.02, 43.50,   212,0.8557
SH,01-Oct-2002,30-Sep-2003, 200, 500,563.21,448.04,312.68, 85.55,    25,0.0471
SH,01-Oct-2003,30-Sep-2004,   0,10000, 90.93,188.93, 48.35,116.90,   366,0.5971
SH,01-Oct-2003,30-Sep-2004,   0,  20, 10.64, 12.83,  8.81,  3.52,   215,0.4561
SH,01-Oct-2003,30-Sep-2004,  20, 200,137.80,128.61, 57.52, 40.60,   138,0.7651
SH,01-Oct-2003,30-Sep-2004, 200, 500,693.39,441.38,278.92, 70.08,    13,-0.1647
SH,01-Oct-2004,30-Sep-2005,   0,10000,150.34,238.96,152.03,253.15,   365,0.7103
SH,01-Oct-2004,30-Sep-2005,   0,  20, 17.21, 33.28, 13.89,  4.36,   143,-0.0134
SH,01-Oct-2004,30-Sep-2005,  20, 200,108.24,102.15, 83.64, 56.62,   147,0.9076
SH,01-Oct-2004,30-Sep-2005, 200, 500,348.78,164.97,307.56, 87.27,    55,0.4627
SH,01-Oct-2005,30-Sep-2006,   0,10000,125.09,196.30,146.31,274.85,   365,0.7285
SH,01-Oct-2005,30-Sep-2006,   0,  20, 12.25, 25.83, 11.50,  2.81,   155,0.1006
SH,01-Oct-2005,30-Sep-2006,  20, 200,102.01, 73.26, 77.70, 43.88,   139,0.5901
SH,01-Oct-2005,30-Sep-2006, 200, 500,363.30,131.34,345.29, 70.22,    48,0.2365
SH,01-Oct-2006,30-Sep-2007,   0,10000, 25.47, 31.59, 15.93, 22.73,   365,0.6646
SH,01-Oct-2006,30-Sep-2007,   0,  20, 16.72, 17.49,  9.26,  5.18,   304,0.5827
SH,01-Oct-2006,30-Sep-2007,  20, 200, 65.14, 45.64, 42.93, 31.56,    68,0.5675
SH,01-Oct-2007,30-Sep-2008,   0,10000,100.82,246.25, 78.52,181.27,   303,0.6913
SH,01-Oct-2007,30-Sep-2008,   0,  20,  9.67,  5.87,  7.53,  5.25,   163,0.0502
SH,01-Oct-2007,30-Sep-2008,  20, 200,112.22, 73.35, 68.41, 44.42,   119,0.9684
SH,01-Oct-2007,30-Sep-2008, 200, 500,427.39,341.37,316.44, 93.02,    18,0.4313
SH,01-Oct-2008,30-Sep-2009,   0,10000, 60.82,137.65, 63.54,173.10,   365,0.6628
SH,01-Oct-2008,30-Sep-2009,   0,  20, 13.32, 17.44,  8.64,  3.17,   216,0.0588
SH,01-Oct-2008,30-Sep-2009,  20, 200, 74.36, 55.02, 59.31, 40.75,   124,0.8956
SH,01-Oct-2008,30-Sep-2009, 200, 500,283.46,200.88,279.25, 72.80,    16,0.3902
SH,01-Oct-2009,30-Sep-2010,   0,10000,109.86,159.70,134.67,194.71,   365,0.8222
SH,01-Oct-2009,30-Sep-2010,   0,  20,  6.18,  1.15, 13.73,  3.47,    80,0.8196
SH,01-Oct-2009,30-Sep-2010,  20, 200, 56.31, 59.16, 68.73, 51.07,   207,0.9811
SH,01-Oct-2009,30-Sep-2010, 200, 500,293.60,162.25,307.78, 80.85,    69,0.2988
SH,01-Oct-2010,30-Sep-2011,   0,10000,101.09,183.67,140.21,255.87,   365,0.7743
SH,01-Oct-2010,30-Sep-2011,   0,  20, 10.57, 14.94, 15.54,  1.51,   112,0.4488
SH,01-Oct-2010,30-Sep-2011,  20, 200, 64.76, 47.29, 78.82, 49.89,   190,0.8771
SH,01-Oct-2010,30-Sep-2011, 200, 500,257.40,171.53,297.11, 77.44,    45,0.4982
SH,01-Oct-2011,30-Sep-2012,   0,10000, 21.40, 38.77, 21.62, 11.15,   122,0.5392
SH,01-Oct-2011,30-Sep-2012,   0,  20, 14.08, 12.87, 18.29,  0.83,   104,0.2954
SH,01-Oct-2011,30-Sep-2012,  20, 200, 50.59, 75.09, 34.46, 19.55,    26,0.4251
